,Prey Population,Predator Popualtion,Food Count,Ratio
0,100.0,100.0,100.0,1.0
1,96.0,101.0,88.0,0.9504950495049505
2,93.0,101.0,97.0,0.9207920792079208
3,87.0,101.0,94.0,0.8613861386138614
4,82.0,102.0,93.0,0.803921568627451
5,79.0,103.0,98.0,0.7669902912621359
6,74.0,104.0,100.0,0.7115384615384616
7,72.0,104.0,97.0,0.6923076923076923
8,68.0,104.0,98.0,0.6538461538461539
9,67.0,104.0,97.0,0.6442307692307693
10,66.0,104.0,99.0,0.6346153846153846
11,63.0,105.0,100.0,0.6
12,59.0,106.0,97.0,0.5566037735849056
13,57.0,107.0,98.0,0.5327102803738317
14,55.0,107.0,99.0,0.514018691588785
15,49.0,107.0,95.0,0.45794392523364486
16,45.0,107.0,96.0,0.4205607476635514
17,41.0,108.0,98.0,0.37962962962962965
18,38.0,108.0,98.0,0.35185185185185186
19,37.0,108.0,97.0,0.3425925925925926
20,35.0,108.0,99.0,0.32407407407407407
21,32.0,108.0,98.0,0.2962962962962963
22,31.0,109.0,100.0,0.28440366972477066
23,28.0,110.0,98.0,0.2545454545454545
24,24.0,110.0,99.0,0.21818181818181817
25,21.0,111.0,100.0,0.1891891891891892
26,20.0,112.0,99.0,0.17857142857142858
27,18.0,113.0,99.0,0.1592920353982301
28,14.0,113.0,100.0,0.12389380530973451
29,14.0,113.0,99.0,0.12389380530973451
30,14.0,113.0,98.0,0.12389380530973451
31,14.0,114.0,100.0,0.12280701754385964
32,14.0,114.0,99.0,0.12280701754385964
33,15.0,114.0,99.0,0.13157894736842105
34,15.0,114.0,98.0,0.13157894736842105
35,14.0,114.0,99.0,0.12280701754385964
36,14.0,114.0,98.0,0.12280701754385964
37,13.0,114.0,100.0,0.11403508771929824
38,14.0,114.0,100.0,0.12280701754385964
39,13.0,115.0,100.0,0.11304347826086956
40,13.0,115.0,98.0,0.11304347826086956
41,12.0,115.0,100.0,0.10434782608695652
42,13.0,115.0,99.0,0.11304347826086956
43,12.0,116.0,100.0,0.10344827586206896
44,12.0,116.0,100.0,0.10344827586206896
45,12.0,116.0,98.0,0.10344827586206896
46,13.0,116.0,99.0,0.11206896551724138
47,13.0,116.0,99.0,0.11206896551724138
48,12.0,116.0,99.0,0.10344827586206896
49,8.0,116.0,100.0,0.06896551724137931
50,9.0,116.0,100.0,0.07758620689655173
51,9.0,116.0,100.0,0.07758620689655173
52,9.0,116.0,99.0,0.07758620689655173
53,8.0,116.0,99.0,0.06896551724137931
54,8.0,116.0,100.0,0.06896551724137931
55,9.0,116.0,100.0,0.07758620689655173
56,9.0,117.0,100.0,0.07692307692307693
57,8.0,117.0,100.0,0.06837606837606838
58,8.0,117.0,100.0,0.06837606837606838
59,9.0,117.0,99.0,0.07692307692307693
60,9.0,117.0,99.0,0.07692307692307693
61,10.0,117.0,100.0,0.08547008547008547
62,10.0,117.0,100.0,0.08547008547008547
63,10.0,117.0,100.0,0.08547008547008547
64,10.0,118.0,99.0,0.0847457627118644
65,10.0,118.0,100.0,0.0847457627118644
66,11.0,118.0,100.0,0.09322033898305085
67,11.0,118.0,99.0,0.09322033898305085
68,12.0,118.0,100.0,0.1016949152542373
69,12.0,119.0,99.0,0.10084033613445378
70,12.0,120.0,100.0,0.1
71,13.0,120.0,99.0,0.10833333333333334
72,12.0,121.0,100.0,0.09917355371900827
73,12.0,121.0,100.0,0.09917355371900827
74,12.0,121.0,98.0,0.09917355371900827
75,11.0,121.0,99.0,0.09090909090909091
76,12.0,121.0,100.0,0.09917355371900827
77,13.0,121.0,98.0,0.10743801652892562
78,13.0,121.0,100.0,0.10743801652892562
79,13.0,121.0,99.0,0.10743801652892562
80,14.0,121.0,100.0,0.11570247933884298
81,13.0,122.0,100.0,0.10655737704918032
82,13.0,122.0,100.0,0.10655737704918032
83,13.0,122.0,99.0,0.10655737704918032
84,14.0,122.0,100.0,0.11475409836065574
85,12.0,122.0,100.0,0.09836065573770492
86,11.0,122.0,100.0,0.09016393442622951
87,12.0,122.0,100.0,0.09836065573770492
88,12.0,122.0,100.0,0.09836065573770492
89,12.0,122.0,100.0,0.09836065573770492
90,12.0,123.0,98.0,0.0975609756097561
91,13.0,123.0,100.0,0.10569105691056911
92,13.0,123.0,100.0,0.10569105691056911
93,13.0,123.0,100.0,0.10569105691056911
94,14.0,123.0,99.0,0.11382113821138211
95,15.0,124.0,97.0,0.12096774193548387
96,15.0,124.0,100.0,0.12096774193548387
97,16.0,125.0,99.0,0.128
98,16.0,125.0,97.0,0.128
99,14.0,125.0,99.0,0.112
100,14.0,125.0,99.0,0.112
101,14.0,125.0,99.0,0.112
102,14.0,125.0,99.0,0.112
103,15.0,125.0,100.0,0.12
104,15.0,125.0,100.0,0.12
105,15.0,125.0,99.0,0.12
106,14.0,125.0,98.0,0.112
107,14.0,125.0,99.0,0.112
108,13.0,125.0,100.0,0.104
109,12.0,125.0,100.0,0.096
110,12.0,125.0,99.0,0.096
111,12.0,125.0,99.0,0.096
112,12.0,125.0,99.0,0.096
113,12.0,125.0,100.0,0.096
114,12.0,125.0,100.0,0.096
115,12.0,126.0,100.0,0.09523809523809523
116,12.0,127.0,100.0,0.09448818897637795
117,12.0,128.0,97.0,0.09375
118,12.0,128.0,100.0,0.09375
119,13.0,128.0,99.0,0.1015625
120,14.0,128.0,99.0,0.109375
121,15.0,128.0,100.0,0.1171875
122,16.0,128.0,100.0,0.125
123,16.0,128.0,100.0,0.125
124,16.0,128.0,99.0,0.125
125,17.0,128.0,100.0,0.1328125
126,17.0,128.0,100.0,0.1328125
127,17.0,128.0,100.0,0.1328125
128,16.0,128.0,100.0,0.125
129,15.0,128.0,100.0,0.1171875
130,15.0,128.0,97.0,0.1171875
131,14.0,128.0,99.0,0.109375
132,15.0,128.0,100.0,0.1171875
133,16.0,128.0,100.0,0.125
134,16.0,128.0,100.0,0.125
135,16.0,128.0,100.0,0.125
136,17.0,128.0,100.0,0.1328125
137,18.0,128.0,100.0,0.140625
138,19.0,128.0,99.0,0.1484375
139,20.0,129.0,100.0,0.15503875968992248
140,21.0,129.0,100.0,0.16279069767441862
141,21.0,129.0,100.0,0.16279069767441862
142,19.0,129.0,99.0,0.14728682170542637
143,20.0,129.0,100.0,0.15503875968992248
144,18.0,129.0,100.0,0.13953488372093023
145,18.0,129.0,100.0,0.13953488372093023
146,17.0,130.0,98.0,0.13076923076923078
147,18.0,130.0,100.0,0.13846153846153847
148,19.0,130.0,99.0,0.14615384615384616
149,20.0,130.0,100.0,0.15384615384615385
150,20.0,131.0,99.0,0.15267175572519084
151,18.0,132.0,99.0,0.13636363636363635
152,18.0,132.0,100.0,0.13636363636363635
153,19.0,132.0,100.0,0.14393939393939395
154,19.0,132.0,100.0,0.14393939393939395
155,18.0,132.0,99.0,0.13636363636363635
156,17.0,132.0,100.0,0.12878787878787878
157,17.0,132.0,100.0,0.12878787878787878
158,18.0,133.0,99.0,0.13533834586466165
159,17.0,133.0,99.0,0.12781954887218044
160,17.0,133.0,100.0,0.12781954887218044
161,16.0,134.0,100.0,0.11940298507462686
162,17.0,134.0,99.0,0.12686567164179105
163,18.0,135.0,100.0,0.13333333333333333
164,18.0,135.0,100.0,0.13333333333333333
165,18.0,135.0,100.0,0.13333333333333333
166,18.0,136.0,100.0,0.1323529411764706
167,18.0,136.0,100.0,0.1323529411764706
168,17.0,136.0,100.0,0.125
169,17.0,136.0,100.0,0.125
170,17.0,136.0,99.0,0.125
171,18.0,136.0,98.0,0.1323529411764706
172,18.0,137.0,99.0,0.13138686131386862
173,18.0,137.0,99.0,0.13138686131386862
174,16.0,137.0,99.0,0.11678832116788321
175,14.0,137.0,100.0,0.10218978102189781
176,15.0,137.0,100.0,0.10948905109489052
177,14.0,137.0,100.0,0.10218978102189781
178,13.0,137.0,99.0,0.0948905109489051
179,11.0,137.0,100.0,0.08029197080291971
180,11.0,138.0,100.0,0.07971014492753623
181,12.0,139.0,99.0,0.08633093525179857
182,12.0,140.0,99.0,0.08571428571428572
183,12.0,140.0,100.0,0.08571428571428572
184,12.0,140.0,99.0,0.08571428571428572
185,11.0,140.0,100.0,0.07857142857142857
186,10.0,141.0,99.0,0.07092198581560284
187,11.0,141.0,100.0,0.07801418439716312
188,11.0,141.0,100.0,0.07801418439716312
189,12.0,141.0,100.0,0.0851063829787234
190,10.0,141.0,100.0,0.07092198581560284
191,9.0,141.0,100.0,0.06382978723404255
192,9.0,141.0,100.0,0.06382978723404255
193,9.0,141.0,100.0,0.06382978723404255
194,10.0,142.0,100.0,0.07042253521126761
195,10.0,142.0,100.0,0.07042253521126761
196,9.0,142.0,100.0,0.06338028169014084
197,9.0,143.0,100.0,0.06293706293706294
198,9.0,143.0,99.0,0.06293706293706294
199,9.0,143.0,98.0,0.06293706293706294
200,10.0,143.0,99.0,0.06993006993006994
201,10.0,121.0,99.0,0.08264462809917356
202,10.0,121.0,100.0,0.08264462809917356
203,10.0,119.0,100.0,0.08403361344537816
204,10.0,117.0,100.0,0.08547008547008547
205,11.0,117.0,100.0,0.09401709401709402
206,10.0,112.0,100.0,0.08928571428571429
207,11.0,112.0,100.0,0.09821428571428571
208,12.0,110.0,100.0,0.10909090909090909
209,11.0,109.0,100.0,0.10091743119266056
210,12.0,110.0,100.0,0.10909090909090909
211,13.0,89.0,98.0,0.14606741573033707
212,14.0,86.0,99.0,0.16279069767441862
213,14.0,86.0,99.0,0.16279069767441862
214,15.0,85.0,100.0,0.17647058823529413
215,15.0,83.0,99.0,0.18072289156626506
216,14.0,79.0,100.0,0.17721518987341772
217,14.0,77.0,97.0,0.18181818181818182
218,15.0,75.0,99.0,0.2
219,14.0,76.0,100.0,0.18421052631578946
220,15.0,75.0,100.0,0.2
221,15.0,67.0,100.0,0.22388059701492538
222,16.0,67.0,99.0,0.23880597014925373
223,17.0,64.0,100.0,0.265625
224,17.0,64.0,99.0,0.265625
225,18.0,62.0,99.0,0.2903225806451613
226,19.0,59.0,99.0,0.3220338983050847
227,19.0,57.0,99.0,0.3333333333333333
228,18.0,57.0,99.0,0.3157894736842105
229,17.0,57.0,99.0,0.2982456140350877
230,18.0,57.0,100.0,0.3157894736842105
231,18.0,53.0,99.0,0.33962264150943394
232,18.0,53.0,97.0,0.33962264150943394
233,19.0,52.0,99.0,0.36538461538461536
234,18.0,52.0,99.0,0.34615384615384615
235,17.0,51.0,99.0,0.3333333333333333
236,17.0,49.0,99.0,0.3469387755102041
237,17.0,48.0,99.0,0.3541666666666667
238,17.0,49.0,99.0,0.3469387755102041
239,16.0,48.0,99.0,0.3333333333333333
240,17.0,47.0,99.0,0.3617021276595745
241,17.0,45.0,98.0,0.37777777777777777
242,18.0,44.0,100.0,0.4090909090909091
243,19.0,42.0,100.0,0.4523809523809524
244,19.0,42.0,100.0,0.4523809523809524
245,18.0,42.0,100.0,0.42857142857142855
246,19.0,43.0,100.0,0.4418604651162791
247,19.0,43.0,98.0,0.4418604651162791
248,19.0,43.0,100.0,0.4418604651162791
249,20.0,43.0,100.0,0.46511627906976744
250,21.0,43.0,97.0,0.4883720930232558
251,22.0,41.0,98.0,0.5365853658536586
252,23.0,41.0,99.0,0.5609756097560976
253,24.0,41.0,100.0,0.5853658536585366
254,24.0,41.0,99.0,0.5853658536585366
255,24.0,41.0,98.0,0.5853658536585366
256,25.0,39.0,99.0,0.6410256410256411
257,24.0,39.0,100.0,0.6153846153846154
258,25.0,39.0,100.0,0.6410256410256411
259,24.0,40.0,97.0,0.6
260,24.0,39.0,100.0,0.6153846153846154
261,23.0,39.0,100.0,0.5897435897435898
262,24.0,40.0,98.0,0.6
263,25.0,40.0,100.0,0.625
264,26.0,39.0,99.0,0.6666666666666666
265,26.0,39.0,98.0,0.6666666666666666
266,26.0,38.0,100.0,0.6842105263157895
267,25.0,39.0,99.0,0.6410256410256411
268,24.0,39.0,98.0,0.6153846153846154
269,24.0,38.0,99.0,0.631578947368421
270,24.0,38.0,99.0,0.631578947368421
271,25.0,38.0,100.0,0.6578947368421053
272,25.0,38.0,98.0,0.6578947368421053
273,25.0,38.0,99.0,0.6578947368421053
274,26.0,38.0,97.0,0.6842105263157895
275,27.0,38.0,99.0,0.7105263157894737
276,27.0,38.0,99.0,0.7105263157894737
277,24.0,39.0,100.0,0.6153846153846154
278,24.0,39.0,99.0,0.6153846153846154
279,25.0,40.0,99.0,0.625
280,26.0,38.0,98.0,0.6842105263157895
281,26.0,38.0,100.0,0.6842105263157895
282,26.0,38.0,100.0,0.6842105263157895
283,27.0,38.0,96.0,0.7105263157894737
284,27.0,39.0,100.0,0.6923076923076923
285,26.0,40.0,100.0,0.65
286,25.0,40.0,98.0,0.625
287,26.0,40.0,100.0,0.65
288,27.0,40.0,99.0,0.675
289,27.0,39.0,99.0,0.6923076923076923
290,26.0,38.0,98.0,0.6842105263157895
291,26.0,38.0,99.0,0.6842105263157895
292,26.0,38.0,99.0,0.6842105263157895
293,26.0,38.0,100.0,0.6842105263157895
294,26.0,38.0,97.0,0.6842105263157895
295,27.0,37.0,99.0,0.7297297297297297
296,27.0,37.0,97.0,0.7297297297297297
297,27.0,37.0,97.0,0.7297297297297297
298,27.0,37.0,100.0,0.7297297297297297
299,27.0,37.0,98.0,0.7297297297297297
300,27.0,37.0,99.0,0.7297297297297297
301,27.0,37.0,100.0,0.7297297297297297
302,27.0,37.0,100.0,0.7297297297297297
303,26.0,37.0,100.0,0.7027027027027027
304,26.0,37.0,98.0,0.7027027027027027
305,26.0,38.0,99.0,0.6842105263157895
306,26.0,39.0,100.0,0.6666666666666666
307,27.0,40.0,98.0,0.675
308,27.0,40.0,100.0,0.675
309,28.0,40.0,99.0,0.7
310,28.0,40.0,99.0,0.7
311,28.0,40.0,99.0,0.7
312,28.0,40.0,99.0,0.7
313,29.0,41.0,98.0,0.7073170731707317
314,29.0,42.0,99.0,0.6904761904761905
315,28.0,43.0,99.0,0.6511627906976745
316,28.0,43.0,98.0,0.6511627906976745
317,28.0,43.0,97.0,0.6511627906976745
318,28.0,43.0,100.0,0.6511627906976745
319,28.0,42.0,98.0,0.6666666666666666
320,28.0,42.0,99.0,0.6666666666666666
321,27.0,42.0,98.0,0.6428571428571429
322,28.0,43.0,100.0,0.6511627906976745
323,28.0,43.0,98.0,0.6511627906976745
324,27.0,43.0,98.0,0.627906976744186
325,26.0,43.0,99.0,0.6046511627906976
326,26.0,43.0,100.0,0.6046511627906976
327,27.0,42.0,99.0,0.6428571428571429
328,27.0,42.0,100.0,0.6428571428571429
329,27.0,43.0,100.0,0.627906976744186
330,28.0,43.0,96.0,0.6511627906976745
331,29.0,43.0,99.0,0.6744186046511628
332,29.0,43.0,100.0,0.6744186046511628
333,28.0,44.0,98.0,0.6363636363636364
334,29.0,44.0,99.0,0.6590909090909091
335,30.0,43.0,98.0,0.6976744186046512
336,31.0,43.0,99.0,0.7209302325581395
337,31.0,43.0,99.0,0.7209302325581395
338,31.0,42.0,99.0,0.7380952380952381
339,32.0,43.0,97.0,0.7441860465116279
340,31.0,44.0,100.0,0.7045454545454546
341,30.0,44.0,100.0,0.6818181818181818
342,30.0,44.0,99.0,0.6818181818181818
343,29.0,44.0,100.0,0.6590909090909091
344,30.0,44.0,98.0,0.6818181818181818
345,29.0,45.0,98.0,0.6444444444444445
346,30.0,44.0,99.0,0.6818181818181818
347,30.0,44.0,100.0,0.6818181818181818
348,29.0,44.0,97.0,0.6590909090909091
349,30.0,43.0,98.0,0.6976744186046512
350,30.0,42.0,98.0,0.7142857142857143
351,30.0,43.0,98.0,0.6976744186046512
352,31.0,43.0,99.0,0.7209302325581395
353,32.0,43.0,99.0,0.7441860465116279
354,32.0,43.0,99.0,0.7441860465116279
355,31.0,43.0,98.0,0.7209302325581395
356,32.0,43.0,96.0,0.7441860465116279
357,32.0,43.0,99.0,0.7441860465116279
358,33.0,43.0,99.0,0.7674418604651163
359,32.0,44.0,98.0,0.7272727272727273
360,33.0,44.0,99.0,0.75
361,34.0,43.0,99.0,0.7906976744186046
362,33.0,43.0,98.0,0.7674418604651163
363,32.0,43.0,98.0,0.7441860465116279
364,31.0,44.0,100.0,0.7045454545454546
365,29.0,44.0,98.0,0.6590909090909091
366,28.0,45.0,98.0,0.6222222222222222
367,28.0,45.0,98.0,0.6222222222222222
368,29.0,45.0,96.0,0.6444444444444445
369,29.0,45.0,99.0,0.6444444444444445
370,30.0,45.0,98.0,0.6666666666666666
371,30.0,45.0,100.0,0.6666666666666666
372,31.0,45.0,100.0,0.6888888888888889
373,31.0,46.0,98.0,0.6739130434782609
374,31.0,46.0,99.0,0.6739130434782609
375,32.0,46.0,97.0,0.6956521739130435
376,32.0,46.0,99.0,0.6956521739130435
377,32.0,47.0,99.0,0.6808510638297872
378,30.0,47.0,96.0,0.6382978723404256
379,29.0,47.0,99.0,0.6170212765957447
380,27.0,47.0,100.0,0.574468085106383
381,27.0,47.0,100.0,0.574468085106383
382,27.0,48.0,98.0,0.5625
383,28.0,48.0,99.0,0.5833333333333334
384,29.0,48.0,99.0,0.6041666666666666
385,30.0,49.0,100.0,0.6122448979591837
386,30.0,48.0,98.0,0.625
387,30.0,48.0,100.0,0.625
388,31.0,47.0,97.0,0.6595744680851063
389,30.0,48.0,97.0,0.625
390,29.0,48.0,99.0,0.6041666666666666
391,29.0,47.0,97.0,0.6170212765957447
392,28.0,46.0,97.0,0.6086956521739131
393,27.0,47.0,98.0,0.574468085106383
394,28.0,47.0,98.0,0.5957446808510638
395,29.0,48.0,99.0,0.6041666666666666
396,29.0,48.0,100.0,0.6041666666666666
397,29.0,47.0,100.0,0.6170212765957447
398,29.0,47.0,100.0,0.6170212765957447
399,29.0,47.0,100.0,0.6170212765957447
400,29.0,47.0,99.0,0.6170212765957447
401,30.0,45.0,99.0,0.6666666666666666
402,28.0,45.0,100.0,0.6222222222222222
403,27.0,46.0,98.0,0.5869565217391305
404,27.0,45.0,99.0,0.6
405,26.0,45.0,99.0,0.5777777777777777
406,26.0,45.0,99.0,0.5777777777777777
407,25.0,46.0,99.0,0.5434782608695652
408,25.0,46.0,100.0,0.5434782608695652
409,26.0,47.0,99.0,0.5531914893617021
410,27.0,47.0,100.0,0.574468085106383
411,27.0,48.0,100.0,0.5625
412,27.0,48.0,100.0,0.5625
413,28.0,49.0,99.0,0.5714285714285714
414,28.0,48.0,100.0,0.5833333333333334
415,29.0,48.0,100.0,0.6041666666666666
416,28.0,48.0,98.0,0.5833333333333334
417,28.0,48.0,100.0,0.5833333333333334
418,27.0,48.0,98.0,0.5625
419,27.0,48.0,99.0,0.5625
420,25.0,48.0,99.0,0.5208333333333334
421,25.0,48.0,100.0,0.5208333333333334
422,25.0,48.0,99.0,0.5208333333333334
423,25.0,48.0,100.0,0.5208333333333334
424,26.0,47.0,98.0,0.5531914893617021
425,26.0,47.0,100.0,0.5531914893617021
426,27.0,47.0,99.0,0.574468085106383
427,27.0,47.0,100.0,0.574468085106383
428,28.0,47.0,98.0,0.5957446808510638
429,28.0,46.0,100.0,0.6086956521739131
430,29.0,45.0,99.0,0.6444444444444445
431,27.0,45.0,98.0,0.6
432,27.0,45.0,99.0,0.6
433,28.0,45.0,99.0,0.6222222222222222
434,28.0,46.0,100.0,0.6086956521739131
435,29.0,46.0,99.0,0.6304347826086957
436,29.0,46.0,100.0,0.6304347826086957
437,30.0,46.0,98.0,0.6521739130434783
438,29.0,46.0,98.0,0.6304347826086957
439,30.0,46.0,95.0,0.6521739130434783
440,31.0,47.0,97.0,0.6595744680851063
441,31.0,48.0,98.0,0.6458333333333334
442,31.0,48.0,98.0,0.6458333333333334
443,31.0,48.0,99.0,0.6458333333333334
444,31.0,48.0,99.0,0.6458333333333334
445,31.0,48.0,99.0,0.6458333333333334
446,31.0,48.0,100.0,0.6458333333333334
447,32.0,48.0,99.0,0.6666666666666666
448,31.0,48.0,99.0,0.6458333333333334
449,32.0,49.0,100.0,0.6530612244897959
450,32.0,50.0,99.0,0.64
451,32.0,49.0,97.0,0.6530612244897959
452,32.0,49.0,99.0,0.6530612244897959
453,31.0,48.0,99.0,0.6458333333333334
454,30.0,48.0,99.0,0.625
455,31.0,48.0,96.0,0.6458333333333334
456,30.0,48.0,99.0,0.625
457,31.0,47.0,100.0,0.6595744680851063
458,31.0,47.0,99.0,0.6595744680851063
459,31.0,47.0,99.0,0.6595744680851063
460,31.0,47.0,98.0,0.6595744680851063
461,31.0,48.0,99.0,0.6458333333333334
462,31.0,49.0,98.0,0.6326530612244898
463,31.0,49.0,98.0,0.6326530612244898
464,31.0,49.0,100.0,0.6326530612244898
465,30.0,49.0,100.0,0.6122448979591837
466,30.0,49.0,99.0,0.6122448979591837
467,30.0,49.0,100.0,0.6122448979591837
468,29.0,49.0,99.0,0.5918367346938775
469,30.0,48.0,97.0,0.625
470,30.0,48.0,98.0,0.625
471,31.0,49.0,98.0,0.6326530612244898
472,31.0,49.0,98.0,0.6326530612244898
473,31.0,49.0,99.0,0.6326530612244898
474,31.0,49.0,99.0,0.6326530612244898
475,31.0,49.0,99.0,0.6326530612244898
476,32.0,50.0,99.0,0.64
477,32.0,50.0,100.0,0.64
478,32.0,49.0,97.0,0.6530612244897959
479,32.0,49.0,100.0,0.6530612244897959
480,32.0,49.0,98.0,0.6530612244897959
481,31.0,49.0,95.0,0.6326530612244898
482,32.0,49.0,96.0,0.6530612244897959
483,31.0,48.0,99.0,0.6458333333333334
484,30.0,48.0,100.0,0.625
485,31.0,48.0,100.0,0.6458333333333334
486,32.0,48.0,100.0,0.6666666666666666
487,32.0,49.0,96.0,0.6530612244897959
488,32.0,49.0,98.0,0.6530612244897959
489,33.0,48.0,99.0,0.6875
490,34.0,49.0,99.0,0.6938775510204082
491,35.0,49.0,98.0,0.7142857142857143
492,36.0,50.0,97.0,0.72
493,35.0,50.0,99.0,0.7
494,35.0,50.0,98.0,0.7
495,35.0,50.0,96.0,0.7
496,35.0,50.0,100.0,0.7
497,35.0,50.0,99.0,0.7
498,36.0,51.0,100.0,0.7058823529411765
499,36.0,51.0,100.0,0.7058823529411765
500,34.0,51.0,98.0,0.6666666666666666
501,34.0,51.0,100.0,0.6666666666666666
502,32.0,52.0,100.0,0.6153846153846154
503,31.0,52.0,98.0,0.5961538461538461
504,30.0,53.0,100.0,0.5660377358490566
505,31.0,53.0,99.0,0.5849056603773585
506,32.0,51.0,99.0,0.6274509803921569
507,33.0,52.0,98.0,0.6346153846153846
508,34.0,52.0,98.0,0.6538461538461539
509,34.0,52.0,97.0,0.6538461538461539
510,33.0,53.0,97.0,0.6226415094339622
511,33.0,54.0,100.0,0.6111111111111112
512,34.0,54.0,100.0,0.6296296296296297
513,34.0,54.0,100.0,0.6296296296296297
514,35.0,53.0,99.0,0.660377358490566
515,36.0,53.0,100.0,0.6792452830188679
516,37.0,53.0,96.0,0.6981132075471698
517,36.0,51.0,100.0,0.7058823529411765
518,36.0,52.0,98.0,0.6923076923076923
519,37.0,52.0,96.0,0.7115384615384616
520,36.0,52.0,99.0,0.6923076923076923
521,36.0,52.0,99.0,0.6923076923076923
522,35.0,53.0,98.0,0.660377358490566
523,35.0,53.0,100.0,0.660377358490566
524,35.0,53.0,98.0,0.660377358490566
525,35.0,53.0,97.0,0.660377358490566
526,36.0,53.0,97.0,0.6792452830188679
527,36.0,54.0,99.0,0.6666666666666666
528,35.0,54.0,99.0,0.6481481481481481
529,35.0,55.0,97.0,0.6363636363636364
530,34.0,55.0,100.0,0.6181818181818182
531,34.0,55.0,100.0,0.6181818181818182
532,34.0,54.0,99.0,0.6296296296296297
533,33.0,54.0,100.0,0.6111111111111112
534,33.0,54.0,99.0,0.6111111111111112
535,33.0,53.0,100.0,0.6226415094339622
536,33.0,53.0,98.0,0.6226415094339622
537,31.0,53.0,100.0,0.5849056603773585
538,31.0,53.0,100.0,0.5849056603773585
539,29.0,52.0,100.0,0.5576923076923077
540,30.0,53.0,97.0,0.5660377358490566
541,30.0,53.0,98.0,0.5660377358490566
542,29.0,53.0,100.0,0.5471698113207547
543,27.0,53.0,96.0,0.5094339622641509
544,26.0,53.0,99.0,0.49056603773584906
545,26.0,52.0,98.0,0.5
546,26.0,52.0,100.0,0.5
547,23.0,53.0,100.0,0.4339622641509434
548,23.0,53.0,100.0,0.4339622641509434
549,23.0,53.0,100.0,0.4339622641509434
550,24.0,54.0,98.0,0.4444444444444444
551,25.0,54.0,100.0,0.46296296296296297
552,25.0,54.0,100.0,0.46296296296296297
553,24.0,54.0,99.0,0.4444444444444444
554,24.0,54.0,98.0,0.4444444444444444
555,24.0,54.0,100.0,0.4444444444444444
556,23.0,54.0,100.0,0.42592592592592593
557,22.0,55.0,97.0,0.4
558,20.0,55.0,99.0,0.36363636363636365
559,21.0,54.0,98.0,0.3888888888888889
560,22.0,54.0,98.0,0.4074074074074074
561,22.0,54.0,100.0,0.4074074074074074
562,21.0,54.0,99.0,0.3888888888888889
563,21.0,54.0,99.0,0.3888888888888889
564,20.0,53.0,97.0,0.37735849056603776
565,19.0,53.0,99.0,0.3584905660377358
566,19.0,53.0,100.0,0.3584905660377358
567,19.0,53.0,99.0,0.3584905660377358
568,19.0,53.0,98.0,0.3584905660377358
569,18.0,53.0,99.0,0.33962264150943394
570,19.0,52.0,99.0,0.36538461538461536
571,19.0,52.0,99.0,0.36538461538461536
572,20.0,52.0,98.0,0.38461538461538464
573,21.0,51.0,99.0,0.4117647058823529
574,20.0,50.0,99.0,0.4
575,18.0,50.0,97.0,0.36
576,18.0,51.0,99.0,0.35294117647058826
577,17.0,52.0,99.0,0.3269230769230769
578,17.0,52.0,99.0,0.3269230769230769
579,18.0,51.0,99.0,0.35294117647058826
580,19.0,52.0,99.0,0.36538461538461536
581,20.0,52.0,99.0,0.38461538461538464
582,20.0,53.0,100.0,0.37735849056603776
583,21.0,54.0,99.0,0.3888888888888889
584,20.0,54.0,99.0,0.37037037037037035
585,21.0,54.0,99.0,0.3888888888888889
586,21.0,53.0,99.0,0.39622641509433965
587,21.0,53.0,100.0,0.39622641509433965
588,19.0,53.0,99.0,0.3584905660377358
589,19.0,53.0,100.0,0.3584905660377358
590,19.0,53.0,99.0,0.3584905660377358
591,20.0,53.0,99.0,0.37735849056603776
592,19.0,54.0,99.0,0.35185185185185186
593,19.0,53.0,98.0,0.3584905660377358
594,19.0,53.0,100.0,0.3584905660377358
595,19.0,54.0,100.0,0.35185185185185186
596,19.0,54.0,99.0,0.35185185185185186
597,19.0,54.0,100.0,0.35185185185185186
598,20.0,54.0,99.0,0.37037037037037035
599,20.0,54.0,100.0,0.37037037037037035
600,21.0,54.0,100.0,0.3888888888888889
601,21.0,54.0,97.0,0.3888888888888889
602,20.0,54.0,100.0,0.37037037037037035
603,19.0,55.0,100.0,0.34545454545454546
604,19.0,55.0,99.0,0.34545454545454546
605,20.0,54.0,100.0,0.37037037037037035
606,19.0,54.0,98.0,0.35185185185185186
607,20.0,53.0,100.0,0.37735849056603776
608,19.0,53.0,98.0,0.3584905660377358
609,19.0,53.0,100.0,0.3584905660377358
610,19.0,53.0,100.0,0.3584905660377358
611,18.0,53.0,99.0,0.33962264150943394
612,17.0,52.0,100.0,0.3269230769230769
613,17.0,52.0,99.0,0.3269230769230769
614,16.0,53.0,98.0,0.3018867924528302
615,16.0,54.0,100.0,0.2962962962962963
616,17.0,54.0,100.0,0.3148148148148148
617,18.0,55.0,100.0,0.32727272727272727
618,18.0,53.0,100.0,0.33962264150943394
619,19.0,53.0,99.0,0.3584905660377358
620,20.0,54.0,100.0,0.37037037037037035
621,20.0,54.0,100.0,0.37037037037037035
622,21.0,54.0,100.0,0.3888888888888889
623,21.0,54.0,100.0,0.3888888888888889
624,20.0,54.0,98.0,0.37037037037037035
625,20.0,54.0,99.0,0.37037037037037035
626,20.0,53.0,100.0,0.37735849056603776
627,20.0,51.0,99.0,0.39215686274509803
628,21.0,52.0,100.0,0.40384615384615385
629,21.0,52.0,100.0,0.40384615384615385
630,20.0,52.0,100.0,0.38461538461538464
631,21.0,52.0,100.0,0.40384615384615385
632,22.0,52.0,99.0,0.4230769230769231
633,23.0,51.0,100.0,0.45098039215686275
634,23.0,50.0,99.0,0.46
635,24.0,50.0,99.0,0.48
636,24.0,50.0,100.0,0.48
637,25.0,50.0,99.0,0.5
638,25.0,50.0,99.0,0.5
639,25.0,50.0,100.0,0.5
640,25.0,49.0,99.0,0.5102040816326531
641,25.0,48.0,99.0,0.5208333333333334
642,25.0,48.0,98.0,0.5208333333333334
643,25.0,47.0,100.0,0.5319148936170213
644,25.0,47.0,98.0,0.5319148936170213
645,24.0,47.0,98.0,0.5106382978723404
646,25.0,47.0,99.0,0.5319148936170213
647,26.0,47.0,96.0,0.5531914893617021
648,27.0,47.0,100.0,0.574468085106383
649,27.0,48.0,98.0,0.5625
650,27.0,47.0,99.0,0.574468085106383
651,28.0,47.0,98.0,0.5957446808510638
652,28.0,48.0,99.0,0.5833333333333334
653,28.0,48.0,100.0,0.5833333333333334
654,29.0,48.0,100.0,0.6041666666666666
655,30.0,48.0,99.0,0.625
656,29.0,48.0,100.0,0.6041666666666666
657,29.0,48.0,97.0,0.6041666666666666
658,28.0,49.0,98.0,0.5714285714285714
659,27.0,50.0,99.0,0.54
660,26.0,51.0,99.0,0.5098039215686274
661,26.0,52.0,100.0,0.5
662,26.0,52.0,98.0,0.5
663,26.0,52.0,97.0,0.5
664,26.0,52.0,99.0,0.5
665,26.0,52.0,99.0,0.5
666,25.0,52.0,100.0,0.4807692307692308
667,23.0,52.0,100.0,0.4423076923076923
668,23.0,52.0,97.0,0.4423076923076923
669,23.0,52.0,100.0,0.4423076923076923
670,21.0,51.0,99.0,0.4117647058823529
671,21.0,50.0,99.0,0.42
672,22.0,49.0,98.0,0.4489795918367347
673,22.0,50.0,99.0,0.44
674,22.0,50.0,99.0,0.44
675,23.0,50.0,98.0,0.46
676,22.0,51.0,98.0,0.43137254901960786
677,22.0,52.0,100.0,0.4230769230769231
678,21.0,52.0,100.0,0.40384615384615385
679,21.0,52.0,99.0,0.40384615384615385
680,21.0,52.0,99.0,0.40384615384615385
681,21.0,51.0,99.0,0.4117647058823529
682,22.0,51.0,99.0,0.43137254901960786
683,22.0,51.0,100.0,0.43137254901960786
684,21.0,50.0,99.0,0.42
685,21.0,50.0,100.0,0.42
686,22.0,50.0,100.0,0.44
687,22.0,49.0,98.0,0.4489795918367347
688,22.0,49.0,99.0,0.4489795918367347
689,22.0,50.0,100.0,0.44
690,21.0,50.0,98.0,0.42
691,20.0,51.0,98.0,0.39215686274509803
692,21.0,51.0,99.0,0.4117647058823529
693,21.0,52.0,97.0,0.40384615384615385
694,21.0,53.0,100.0,0.39622641509433965
695,22.0,52.0,100.0,0.4230769230769231
696,22.0,52.0,99.0,0.4230769230769231
697,22.0,52.0,98.0,0.4230769230769231
698,20.0,52.0,99.0,0.38461538461538464
699,20.0,53.0,99.0,0.37735849056603776
700,20.0,52.0,99.0,0.38461538461538464
701,21.0,52.0,99.0,0.40384615384615385
702,22.0,52.0,98.0,0.4230769230769231
703,21.0,51.0,100.0,0.4117647058823529
704,21.0,50.0,100.0,0.42
705,20.0,50.0,100.0,0.4
706,19.0,51.0,97.0,0.37254901960784315
707,19.0,50.0,99.0,0.38
708,20.0,50.0,100.0,0.4
709,19.0,50.0,100.0,0.38
710,19.0,50.0,99.0,0.38
711,18.0,49.0,100.0,0.3673469387755102
712,18.0,48.0,100.0,0.375
713,18.0,48.0,99.0,0.375
714,17.0,48.0,99.0,0.3541666666666667
715,14.0,48.0,100.0,0.2916666666666667
716,14.0,47.0,99.0,0.2978723404255319
717,15.0,46.0,99.0,0.32608695652173914
718,16.0,47.0,100.0,0.3404255319148936
719,14.0,48.0,100.0,0.2916666666666667
720,13.0,48.0,99.0,0.2708333333333333
721,10.0,49.0,99.0,0.20408163265306123
722,11.0,49.0,100.0,0.22448979591836735
723,10.0,49.0,100.0,0.20408163265306123
724,10.0,50.0,100.0,0.2
725,11.0,50.0,98.0,0.22
726,11.0,50.0,99.0,0.22
727,11.0,50.0,99.0,0.22
728,11.0,51.0,99.0,0.21568627450980393
729,10.0,51.0,98.0,0.19607843137254902
730,11.0,51.0,100.0,0.21568627450980393
731,11.0,52.0,100.0,0.21153846153846154
732,11.0,53.0,99.0,0.20754716981132076
733,11.0,53.0,98.0,0.20754716981132076
734,11.0,53.0,99.0,0.20754716981132076
735,11.0,53.0,100.0,0.20754716981132076
736,12.0,53.0,99.0,0.22641509433962265
737,12.0,54.0,99.0,0.2222222222222222
738,12.0,54.0,99.0,0.2222222222222222
739,12.0,54.0,100.0,0.2222222222222222
740,11.0,54.0,100.0,0.2037037037037037
741,11.0,55.0,100.0,0.2
742,12.0,53.0,98.0,0.22641509433962265
743,11.0,53.0,99.0,0.20754716981132076
744,11.0,52.0,100.0,0.21153846153846154
745,11.0,53.0,100.0,0.20754716981132076
746,12.0,52.0,99.0,0.23076923076923078
747,12.0,52.0,100.0,0.23076923076923078
748,12.0,53.0,99.0,0.22641509433962265
749,12.0,53.0,98.0,0.22641509433962265
750,11.0,53.0,98.0,0.20754716981132076
751,12.0,53.0,99.0,0.22641509433962265
752,13.0,54.0,100.0,0.24074074074074073
753,13.0,54.0,100.0,0.24074074074074073
754,14.0,54.0,100.0,0.25925925925925924
755,13.0,55.0,99.0,0.23636363636363636
756,14.0,55.0,99.0,0.2545454545454545
757,15.0,55.0,99.0,0.2727272727272727
758,14.0,55.0,100.0,0.2545454545454545
759,14.0,54.0,100.0,0.25925925925925924
760,13.0,54.0,100.0,0.24074074074074073
761,12.0,55.0,100.0,0.21818181818181817
762,11.0,55.0,99.0,0.2
763,11.0,56.0,100.0,0.19642857142857142
764,11.0,56.0,100.0,0.19642857142857142
765,11.0,56.0,100.0,0.19642857142857142
766,11.0,57.0,100.0,0.19298245614035087
767,11.0,57.0,98.0,0.19298245614035087
768,11.0,57.0,100.0,0.19298245614035087
769,11.0,58.0,100.0,0.1896551724137931
770,11.0,57.0,100.0,0.19298245614035087
771,12.0,58.0,99.0,0.20689655172413793
772,10.0,58.0,98.0,0.1724137931034483
773,11.0,58.0,100.0,0.1896551724137931
774,11.0,58.0,100.0,0.1896551724137931
775,12.0,58.0,99.0,0.20689655172413793
776,13.0,58.0,99.0,0.22413793103448276
777,12.0,57.0,99.0,0.21052631578947367
778,13.0,57.0,99.0,0.22807017543859648
779,13.0,56.0,99.0,0.23214285714285715
780,11.0,55.0,100.0,0.2
781,10.0,55.0,100.0,0.18181818181818182
782,8.0,55.0,96.0,0.14545454545454545
783,8.0,55.0,100.0,0.14545454545454545
784,8.0,55.0,100.0,0.14545454545454545
785,8.0,55.0,99.0,0.14545454545454545
786,9.0,55.0,100.0,0.16363636363636364
787,9.0,55.0,100.0,0.16363636363636364
788,10.0,55.0,99.0,0.18181818181818182
789,11.0,56.0,98.0,0.19642857142857142
790,12.0,55.0,99.0,0.21818181818181817
791,11.0,55.0,100.0,0.2
792,11.0,55.0,100.0,0.2
793,11.0,55.0,100.0,0.2
794,11.0,56.0,99.0,0.19642857142857142
795,12.0,55.0,100.0,0.21818181818181817
796,12.0,54.0,97.0,0.2222222222222222
797,12.0,54.0,100.0,0.2222222222222222
798,12.0,53.0,99.0,0.22641509433962265
799,12.0,54.0,99.0,0.2222222222222222
800,13.0,55.0,100.0,0.23636363636363636
801,14.0,55.0,100.0,0.2545454545454545
802,13.0,55.0,100.0,0.23636363636363636
803,13.0,55.0,99.0,0.23636363636363636
804,14.0,55.0,100.0,0.2545454545454545
805,13.0,55.0,100.0,0.23636363636363636
806,13.0,56.0,100.0,0.23214285714285715
807,12.0,57.0,99.0,0.21052631578947367
808,13.0,57.0,98.0,0.22807017543859648
809,13.0,57.0,100.0,0.22807017543859648
810,12.0,58.0,100.0,0.20689655172413793
811,11.0,58.0,99.0,0.1896551724137931
812,11.0,58.0,100.0,0.1896551724137931
813,10.0,58.0,100.0,0.1724137931034483
814,11.0,56.0,100.0,0.19642857142857142
815,12.0,57.0,98.0,0.21052631578947367
816,12.0,58.0,100.0,0.20689655172413793
817,13.0,56.0,100.0,0.23214285714285715
818,13.0,55.0,100.0,0.23636363636363636
819,14.0,55.0,99.0,0.2545454545454545
820,14.0,54.0,100.0,0.25925925925925924
821,15.0,54.0,99.0,0.2777777777777778
822,15.0,52.0,97.0,0.28846153846153844
823,15.0,52.0,99.0,0.28846153846153844
824,16.0,52.0,98.0,0.3076923076923077
825,16.0,53.0,99.0,0.3018867924528302
826,16.0,53.0,100.0,0.3018867924528302
827,17.0,54.0,99.0,0.3148148148148148
828,16.0,55.0,99.0,0.2909090909090909
829,16.0,54.0,99.0,0.2962962962962963
830,17.0,54.0,100.0,0.3148148148148148
831,17.0,54.0,100.0,0.3148148148148148
832,18.0,54.0,99.0,0.3333333333333333
833,17.0,55.0,100.0,0.3090909090909091
834,17.0,55.0,100.0,0.3090909090909091
835,17.0,56.0,100.0,0.30357142857142855
836,17.0,56.0,100.0,0.30357142857142855
837,18.0,56.0,98.0,0.32142857142857145
838,19.0,56.0,100.0,0.3392857142857143
839,19.0,55.0,100.0,0.34545454545454546
840,19.0,55.0,98.0,0.34545454545454546
841,18.0,55.0,100.0,0.32727272727272727
842,18.0,55.0,100.0,0.32727272727272727
843,18.0,55.0,100.0,0.32727272727272727
844,19.0,56.0,100.0,0.3392857142857143
845,17.0,56.0,99.0,0.30357142857142855
846,17.0,57.0,100.0,0.2982456140350877
847,18.0,57.0,99.0,0.3157894736842105
848,19.0,57.0,98.0,0.3333333333333333
849,20.0,57.0,100.0,0.3508771929824561
850,21.0,56.0,100.0,0.375
851,19.0,56.0,100.0,0.3392857142857143
852,19.0,56.0,100.0,0.3392857142857143
853,19.0,56.0,99.0,0.3392857142857143
854,19.0,57.0,99.0,0.3333333333333333
855,18.0,57.0,98.0,0.3157894736842105
856,18.0,57.0,100.0,0.3157894736842105
857,18.0,57.0,98.0,0.3157894736842105
858,18.0,57.0,100.0,0.3157894736842105
859,18.0,57.0,99.0,0.3157894736842105
860,18.0,57.0,100.0,0.3157894736842105
861,19.0,57.0,99.0,0.3333333333333333
862,19.0,57.0,100.0,0.3333333333333333
863,18.0,57.0,97.0,0.3157894736842105
864,19.0,56.0,99.0,0.3392857142857143
865,19.0,56.0,99.0,0.3392857142857143
866,19.0,56.0,99.0,0.3392857142857143
867,20.0,56.0,100.0,0.35714285714285715
868,19.0,56.0,100.0,0.3392857142857143
869,19.0,57.0,99.0,0.3333333333333333
870,20.0,57.0,100.0,0.3508771929824561
871,20.0,58.0,98.0,0.3448275862068966
872,19.0,58.0,100.0,0.3275862068965517
873,20.0,57.0,100.0,0.3508771929824561
874,20.0,58.0,100.0,0.3448275862068966
875,20.0,59.0,98.0,0.3389830508474576
876,21.0,58.0,99.0,0.3620689655172414
877,21.0,58.0,97.0,0.3620689655172414
878,21.0,57.0,97.0,0.3684210526315789
879,21.0,56.0,100.0,0.375
880,21.0,57.0,97.0,0.3684210526315789
881,21.0,57.0,99.0,0.3684210526315789
882,22.0,57.0,97.0,0.38596491228070173
883,23.0,57.0,96.0,0.40350877192982454
884,24.0,57.0,100.0,0.42105263157894735
885,23.0,57.0,100.0,0.40350877192982454
886,23.0,58.0,99.0,0.39655172413793105
887,24.0,57.0,99.0,0.42105263157894735
888,22.0,57.0,100.0,0.38596491228070173
889,22.0,57.0,99.0,0.38596491228070173
890,22.0,56.0,98.0,0.39285714285714285
891,21.0,57.0,100.0,0.3684210526315789
892,20.0,57.0,99.0,0.3508771929824561
893,20.0,57.0,100.0,0.3508771929824561
894,18.0,58.0,98.0,0.3103448275862069
895,18.0,59.0,98.0,0.3050847457627119
896,17.0,60.0,99.0,0.2833333333333333
897,15.0,61.0,100.0,0.2459016393442623
898,16.0,60.0,98.0,0.26666666666666666
899,17.0,60.0,98.0,0.2833333333333333
900,17.0,61.0,97.0,0.2786885245901639
901,17.0,61.0,99.0,0.2786885245901639
902,18.0,61.0,98.0,0.29508196721311475
903,17.0,60.0,100.0,0.2833333333333333
904,17.0,61.0,100.0,0.2786885245901639
905,16.0,61.0,100.0,0.26229508196721313
906,17.0,61.0,99.0,0.2786885245901639
907,14.0,60.0,99.0,0.23333333333333334
908,15.0,60.0,99.0,0.25
909,14.0,61.0,100.0,0.22950819672131148
910,14.0,61.0,100.0,0.22950819672131148
911,13.0,61.0,100.0,0.21311475409836064
912,14.0,62.0,99.0,0.22580645161290322
913,14.0,62.0,99.0,0.22580645161290322
914,14.0,61.0,100.0,0.22950819672131148
915,14.0,62.0,100.0,0.22580645161290322
916,15.0,62.0,100.0,0.24193548387096775
917,14.0,63.0,99.0,0.2222222222222222
918,15.0,63.0,99.0,0.23809523809523808
919,15.0,62.0,99.0,0.24193548387096775
920,15.0,62.0,99.0,0.24193548387096775
921,15.0,62.0,100.0,0.24193548387096775
922,16.0,62.0,100.0,0.25806451612903225
923,17.0,62.0,99.0,0.27419354838709675
924,17.0,62.0,100.0,0.27419354838709675
925,16.0,62.0,98.0,0.25806451612903225
926,16.0,61.0,98.0,0.26229508196721313
927,16.0,62.0,100.0,0.25806451612903225
928,17.0,63.0,99.0,0.2698412698412698
929,18.0,63.0,99.0,0.2857142857142857
930,19.0,63.0,100.0,0.30158730158730157
931,18.0,63.0,100.0,0.2857142857142857
932,18.0,63.0,100.0,0.2857142857142857
933,19.0,63.0,100.0,0.30158730158730157
934,20.0,63.0,100.0,0.31746031746031744
935,20.0,63.0,100.0,0.31746031746031744
936,19.0,63.0,99.0,0.30158730158730157
937,20.0,63.0,100.0,0.31746031746031744
938,19.0,63.0,100.0,0.30158730158730157
939,17.0,64.0,100.0,0.265625
940,17.0,64.0,99.0,0.265625
941,18.0,62.0,99.0,0.2903225806451613
942,17.0,62.0,99.0,0.27419354838709675
943,15.0,61.0,99.0,0.2459016393442623
944,16.0,61.0,100.0,0.26229508196721313
945,16.0,60.0,100.0,0.26666666666666666
946,16.0,60.0,100.0,0.26666666666666666
947,15.0,59.0,100.0,0.2542372881355932
948,15.0,59.0,98.0,0.2542372881355932
949,15.0,59.0,99.0,0.2542372881355932
950,15.0,59.0,99.0,0.2542372881355932
951,15.0,59.0,100.0,0.2542372881355932
952,16.0,58.0,100.0,0.27586206896551724
953,15.0,57.0,100.0,0.2631578947368421
954,15.0,57.0,99.0,0.2631578947368421
955,14.0,58.0,100.0,0.2413793103448276
956,14.0,59.0,100.0,0.23728813559322035
957,14.0,59.0,100.0,0.23728813559322035
958,14.0,59.0,99.0,0.23728813559322035
959,13.0,60.0,100.0,0.21666666666666667
960,13.0,60.0,99.0,0.21666666666666667
961,13.0,60.0,99.0,0.21666666666666667
962,13.0,60.0,100.0,0.21666666666666667
963,12.0,59.0,100.0,0.2033898305084746
964,12.0,57.0,100.0,0.21052631578947367
965,12.0,57.0,100.0,0.21052631578947367
966,11.0,57.0,100.0,0.19298245614035087
967,11.0,57.0,100.0,0.19298245614035087
968,12.0,58.0,100.0,0.20689655172413793
969,13.0,58.0,100.0,0.22413793103448276
970,13.0,57.0,99.0,0.22807017543859648
971,12.0,57.0,100.0,0.21052631578947367
972,12.0,57.0,99.0,0.21052631578947367
973,13.0,58.0,100.0,0.22413793103448276
974,13.0,59.0,100.0,0.22033898305084745
975,12.0,59.0,100.0,0.2033898305084746
976,13.0,59.0,100.0,0.22033898305084745
977,14.0,59.0,100.0,0.23728813559322035
978,14.0,59.0,99.0,0.23728813559322035
979,13.0,60.0,100.0,0.21666666666666667
980,12.0,61.0,100.0,0.19672131147540983
981,12.0,62.0,100.0,0.1935483870967742
982,12.0,61.0,100.0,0.19672131147540983
983,12.0,62.0,100.0,0.1935483870967742
984,11.0,62.0,98.0,0.1774193548387097
985,11.0,62.0,100.0,0.1774193548387097
986,12.0,62.0,99.0,0.1935483870967742
987,12.0,62.0,98.0,0.1935483870967742
988,12.0,63.0,99.0,0.19047619047619047
989,12.0,63.0,99.0,0.19047619047619047
990,13.0,63.0,100.0,0.20634920634920634
991,13.0,63.0,98.0,0.20634920634920634
992,14.0,63.0,99.0,0.2222222222222222
993,15.0,61.0,99.0,0.2459016393442623
994,15.0,61.0,99.0,0.2459016393442623
995,15.0,62.0,99.0,0.24193548387096775
996,16.0,61.0,99.0,0.26229508196721313
997,17.0,61.0,100.0,0.2786885245901639
998,17.0,62.0,100.0,0.27419354838709675
999,17.0,61.0,97.0,0.2786885245901639
